Subcategory,Category,Brand Description,Size (ml),Per Case,Product Code,Case Price (VAT Excl),Case Price (VAT Incl),Bottle Price (VAT Excl),Bottle Price (VAT Incl),UPC,MSRP Price (Bottle)
Amaro,Liqueurs,Amaro 750x6 Local,750,6,AMR-750x6,1472.89,1657.0,245.48,276.17,75496331938.0,349.99
Bitters,Bitters,Bitters Special Reserve 200mlx12 (200yr),200,12,BIT-200RX12,1777.78,2000.0,148.15,166.67,75496002005.0,200.0
Bitters,Bitters,Bitters 200x24,200,24,BIT-200x24,631.57,710.52,26.32,29.6,75496001602.0,33.99
Bitters,Bitters,Bitters 473x12 Local,473,12,BIT-473x12,686.86,772.72,57.24,64.39,75496001602.0,73.99
Bitters,Bitters,Cocoa Bitters 100x12 Europe,100,12,CBIT-100x12-EUR,278.15,312.92,23.18,26.08,75496332829.0,32.0
Bitters,Bitters,Orange Bitters 100x12 Europe,100,12,OBIT-100x12-EUR,278.15,312.92,23.18,26.08,75496331075.0,32.0
Rum,Rum,1787 Angostura 15 Year Old 750x6,750,6,SRP-750x6,2192.0,2466.0,365.33,411.0,75496332225.0,459.99
Rum,Rum,1824 Premium Dark 750x6,750,6,FRP-750x6,2025.78,2279.0,337.63,379.83,75496637504.0,424.99
Rum,Rum,Angostura 1919 750ml x6,750,6,GRP-750x6,1652.44,1859.0,275.41,309.83,75496667501.0,349.99
Rum,Rum,Angostura 7 Year Old 750mlx6,750,6,ASR-750x6,1357.33,1527.0,226.22,254.5,75496331501.0,289.99
Rum,Rum,Angostura 5 Year Old 750mlx6 Local,750,6,AGR-750x6,1077.33,1212.0,179.56,202.0,75496331495.0,230.0
Uncategorized,Uncategorized,Symphony 2023 Ed 750ml,750,6,SYM-750x6,2587.56,2911.0,431.26,485.17,75496333512.0,545.0
Rum,Rum,Ferdi’s 750ml x12 GB,750,12,FER-750BX12,2787.56,3136.01,232.3,261.33,75496333796.0,320.0
Rum,Rum,Tamboo Spiced Rum,750,6,SPC-750x6,1192.0,1341.0,198.67,223.5,75496331309.0,249.99
Rum,Rum,Royal Oak 750x12,750,12,ROY-750BX12,2053.33,2310.0,171.11,192.5,75496331464.0,219.99
Rum,Rum,Single Barrel Reserve 750mlx6,750,6,SBR-750x6,1050.67,1182.0,175.11,197.0,75496331471.0,224.99
Rum,Rum,VAT19 Gold 750x12,750,12,VAG-750x12,1504.0,1692.0,125.33,141.0,75496507500.0,159.99
Rum,Rum,Black Label 1750x6,1750,6,BLA-1750x6,1692.44,1904.0,282.07,317.33,75496330696.0,349.99
Rum,Rum,Black Label 1000x12,1000,12,BLA-1000x12,2017.78,2270.0,168.15,189.17,75496910003.0,209.99
Rum,Rum,Black Label 750x12,750,12,BLA-750x12,1537.78,1730.0,128.15,144.17,75496907157.0,159.99
Rum,Rum,Black Label 375x24,375,24,BLA-375x24,1686.22,1897.0,70.26,79.04,75496903753.0,89.99
Rum,Rum,Black Label 170mlx48,170,48,BLA-170x48,1828.44,2057.0,38.09,42.85,75496901704.0,50.0
Scotch Blended,Whisky,Black Label 50x192,50,192,BLA-50x192,2949.33,3318.0,15.36,17.28,75496900509.0,19.99
Rum,Rum,White Oak 1750x6,1750,6,OOW-1750x6,1619.56,1822.0,269.93,303.67,75496330689.0,334.99
Rum,Rum,White Oak 1000x12,1000,12,OOW-1000x12,1921.78,2162.0,160.15,180.17,75496110009.0,199.99
Rum,Rum,White Oak 750x12,750,12,OOW-750x12,1489.78,1676.0,124.15,139.67,75496107502.0,154.99
Rum,Rum,White Oak 375x24,375,24,OOW-375x24,1592.89,1792.0,66.37,74.67,75496107537.0,84.99
Rum,Rum,White Oak 170x48,170,48,OOW-170x48,1718.22,1933.0,35.8,40.27,75496107104.0,46.99
Rum,Rum,White Oak 50x192,50,192,OOW-50x192,2949.33,3318.0,15.36,17.28,75496905043.0,19.99
Rum,Rum,White Oak Coconut 750x12,750,12,WOC-750x12,1675.56,1885.0,139.63,157.08,75496331614.0,174.99
Rum,Rum,White Oak Sorrel 750x12,750,12,WOS-750x12,1675.56,1885.0,139.63,157.08,75496331614.0,174.99
Rum,Rum,White Oak Pineapple 750x12,750,12,WPA-750x12,1675.56,1885.0,139.63,157.08,75496333383.0,174.99
Rum,Rum,Forres Park White 1750x6,1750,6,FPW-1750x6,2663.11,2996.0,443.85,499.33,75496330719.0,549.99
Rum,Rum,Forres Park White 1000x12,1000,12,FPW-1000x12,3119.11,3509.0,259.93,292.42,75496710009.0,320.99
Rum,Rum,Forres Park 750x12,750,12,FPW-750x12,2430.22,2734.0,202.52,227.83,75496707504.0,249.99
Rum,Rum,Forres Park 375x24,375,24,FPW-375x24,2430.22,2780.0,115.83,129.99,75496703759.0,129.99
Rum,Rum,Forres Park 170x48,170,48,FPW-170x48,2376.89,2674.0,49.52,55.71,75496701700.0,64.99
Rum,Rum,Forres Park 50x192,50,192,FPW-50x192,3650.67,4107.0,19.01,21.39,75496700550.0,24.99
Uncategorized,Uncategorized,Correia's Gold Rum 40% 750x12,750,12,CGR-750x12,1006.22,1132.0,83.85,94.33,75496332386.0,109.99
Uncategorized,Uncategorized,Correia's Coconut Rum 750x12,750,12,CCO-750x12,1217.78,1370.0,101.48,114.17,75496334403.0,124.99
Uncategorized,Uncategorized,Correia's Enhanced Rum 750x12,750,12,CCE-750x12,1130.66,1270.0,84.15,94.67,75496332405.0,114.99
Uncategorized,Uncategorized,Correia's Hard Rum 1750ml,1750,6,CHR-1750x6,1110.22,1249.0,185.04,208.17,75496334205.0,230.99
Uncategorized,Uncategorized,Correia's Hard Rum 375ml,375,24,CHR-375x24,1062.22,1195.0,44.26,49.79,75496334149.0,54.99
Uncategorized,Uncategorized,Correia's Hard Rum 750ml,750,12,CHR-750x12,973.33,1095.0,81.11,91.25,75496334229.0,99.99
Uncategorized,Uncategorized,Correia's Hard Puncheon 1750ml,1750,6,CHP-1750x6,1763.56,2041.0,302.37,349.17,75496334212.0,379.99
Uncategorized,Uncategorized,Correia's Hard Puncheon 200ml,200,24,CHP-200x24,982.22,1105.0,40.93,46.04,75496334239.0,54.99
Uncategorized,Uncategorized,Correia's Hard Puncheon 375ml,375,24,CHP-375x24,1310.44,1471.0,54.6,61.29,75496334149.0,74.99
Uncategorized,Uncategorized,Correia's Hard Puncheon 750ml,750,12,CHP-750x12,1632.89,1837.0,136.07,153.08,75496334182.0,169.99
Uncategorized,Uncategorized,VK 700ml Unstoppable Dark Rum,700,12,VKD-700x12,2544.0,2862.0,212.0,238.5,75496334149.0,264.99
Uncategorized,Uncategorized,VK 700ml RS Enhance Rum,700,12,VKE-700x12,2880.0,3240.0,240.0,270.0,75496334149.0,299.99
Uncategorized,Uncategorized,VK 700ml Fever Overproof Rum,700,12,VKO-700x12,3504.0,3942.0,292.0,328.5,75496334149.0,365.0
Uncategorized,Uncategorized,VK 700ml Electric White Rum,700,12,VKW-700x12,2544.0,2862.0,212.0,238.5,75496334149.0,264.99
Uncategorized,Uncategorized,Cachaca 51 1000mlx12,1000,12,CACH-51-1000x12,1818.67,2041.0,151.56,339.29,7896002108133.0,423.99
Uncategorized,Uncategorized,Zaya Gran Reserva Rum 750x6,750,6,ZAYA-GRAN-750x6,1856.89,2089.0,309.48,348.17,720815950139.0,434.99
Rum Punch,RTD,Angostura Rum Punch Traditional 750ml,750,12,RPT-750x12,774.22,871.0,64.52,72.58,75496817500.0,84.99
Rum Punch,RTD,Forres Park Puncheon Punch Fruit Punch,1750,6,PFR-1750x6,976.0,1098.0,162.67,183.0,,234.99
Rum Punch,RTD,Forres Park Puncheon Punch Passionfruit,1750,6,PPF-1750x6,976.0,1098.0,162.67,183.0,,234.99
Rum Punch,RTD,Forres Park Puncheon Punch Portugal,1750,6,PPG-1750x6,976.0,1098.0,162.67,183.0,,234.99
Cognac,Brandy/Cognac,Courvoisier Cognac XO 700x12,700,12,COU-COXO-700x12,7141.34,8034.01,595.11,669.5,3049197800090.0,836.88
Uncategorized,Uncategorized,Courvoisier V.S. 700x12,700,12,COU-COVS-700x12,3674.54,4133.86,306.21,344.49,3049197110076.0,392.95
Uncategorized,Uncategorized,Courvoisier V.S. 750x12,750,12,COU-COVS-750x12,3821.52,4299.21,318.46,358.27,80686961048.0,447.84
Uncategorized,Uncategorized,Courvoisier VSOP 750x12,750,12,COU-VSOP-750x12,4051.56,4558.01,337.63,379.83,80686962045.0,474.8
Uncategorized,Uncategorized,Courvoisier V.S.O.P 700x12,700,12,COU-VSOP-700x12,4051.56,4558.01,337.63,379.83,3049197120776.0,474.8
Cognac,Brandy/Cognac,H by Hine VSOP Cognac 750x6,750,6,HIN-VSOP-750x6,2308.44,2597.0,384.74,432.83,87229191016.0,501.99
Cognac,Brandy/Cognac,Hine Antique XO Cognac 700x6,700,6,HIN-XOAN-700x6,4992.0,5616.0,832.0,936.0,3251370046953.0,1127.99
Brandy,Brandy/Cognac,Cherry Brandy 750x12,750,12,CBR-750x12,496.0,558.0,41.33,46.5,75496717503.0,54.99
Brandy,Brandy/Cognac,Monsieur Pascal Spirit Brandy 700x12,700,12,SSC-MRPS-700x12,2122.67,2388.0,176.89,199.0,3347590000773.0,248.99
Brandy,Brandy/Cognac,Monsieur Pascal Spirit Brandy 350x12,350,12,SSC-MRPS-350x12,1317.33,1482.0,109.78,123.5,3012993020009.0,153.99
Single Malt,Whisky,Glenrothes 12YO Single Malt Whisky,700,6,GRTH-12YO-700x6,2924.44,3290.0,487.41,548.33,5010314306830.0,684.99
Single Malt,Whisky,Glenrothes 18YO Single Malt Whisky,700,6,GRTH-18YO-700x6,6278.22,7063.0,1046.37,1177.17,5010314306854.0,1375.99
Single Malt,Whisky,Highland Park 12YR Old Whisky,700,6,HIG-P12Y-700x6,2111.11,2375.0,351.85,395.83,5010314570101.0,489.99
Single Malt,Whisky,Highland Park 18YR Old Whisky,700,6,HIG-P18Y-700x6,5809.8,6536.0,968.3,1089.34,,1350.0
Single Malt,Whisky,Highland Park Magnus,750,6,HIG-MAGN-750x6,2373.33,2517.0,372.89,419.5,812066021956.0,521.99
Single Malt,Whisky,Macallan Double Cask 3YO 700x3,700,3,MAC-D30Y-700x3,83129.78,93521.0,27709.93,31173.67,,35424.99
Single Malt,Whisky,Macallan 12YR Double Cask 700x12,700,12,MAC-D12Y-700x12,7515.56,8455.01,626.3,704.58,5010314302863.0,880.99
Single Malt,Whisky,Macallan 12YR Sherry Oak 750x12,750,12,MAC-S12Y-750x12,4304.54,4842.61,358.71,403.55,,488.95
Single Malt,Whisky,Macallan 12YO Triple Cask 700mlx12,700,12,MAC-T12Y-700x12,7616.59,8569.0,634.74,714.08,5010314048907.0,892.99
Single Malt,Whisky,Macallan 12YO Triple Cask 750mlx12,750,12,MAC-T12Y-750x12,5250.0,5906.25,437.5,492.19,812066022205.0,603.95
Single Malt,Whisky,Macallan 15YR Double Cask 700x6,700,6,MAC-D15Y-700x6,5786.67,6510.0,964.45,1085.0,5010314308469.0,1356.26
Single Malt,Whisky,Macallan 18YO Double Cask 700x6,700,6,MAC-D18Y-700x6,11333.34,12750.41,1888.95,2125.07,5010314309862.0,2656.34
Single Malt,Whisky,Macallan Rare Cask 700x3,700,3,MAC-WRCA-700x3,5874.01,6608.25,1958.0,2202.75,5010314307172.0,2753.45
Single Malt,Whisky,Macallan Night On Earth LE Collection 700x6,700,6,MAC-LNOE-700x6,5973.33,6720.0,995.56,1120.0,,1400.0
Single Malt,Whisky,Macallan Time Space Mastery Collection 700x3,700,3,MAC-TSMC-700x3,40000.0,45000.0,13333.33,15000.0,,15000.0
Single Malt,Whisky,Macallan M Decanter 700mlx1,700,1,MAC-WMDE-700x1,47491.58,53428.03,47491.58,53428.03,10030717.0,66785.03
Scotch Blended,Whisky,Famous Grouse Original Blended Whisky,750,12,GRO-SCOT-750x12,2824.0,3177.0,235.33,264.75,812066020201.0,330.99
American Whiskey,Whisky,Uncle Nearest 1856 Premium Whisky,750,6,UNE-PREW-750x6,2862.22,3220.0,477.04,536.67,,650.0
American Whiskey,Whisky,Uncle Nearest 1884 Small Batch Whisky,750,6,UNE-SBMW-750x6,2810.0,2810.0,416.3,468.33,40223279123.0,550.0
Scotch Blended,Whisky,Label 5 Blended Scotch Whisky 750x6,750,6,LB5-SCOT-750x6,729.93,821.17,121.66,136.86,3147699100639.0,171.08
Scotch Blended,Whisky,Label 5 Blended Scotch Whisky 350mlx12,350,12,LB5-SCOT-350x12,713.67,802.88,59.47,66.91,3147699102008.0,83.63
Flavoured Whiskey,Whisky,Ballotin Caramel Turtle Chocolate Whiskey,750,6,BALL-CARTL-750x6,2049.78,2306.0,341.63,384.33,,451.99
Flavoured Whiskey,Whisky,Ballotin Peanut Butter Chocolate Whiskey,750,6,BALL-PEBUT-750x6,2049.78,2306.0,341.63,384.33,,451.99
Japanese Whisky,Whisky,Iwai Blended Japanese Whisky with Box,750,12,WHI-IWAB-750x12,4656.89,5239.0,388.07,436.58,4976881911932.0,545.99
Japanese Whisky,Whisky,Iwai Tradition Blended Japanese Whisky,750,12,WHI-IWAT-750x12,5621.33,6324.0,468.44,527.0,4976881911888.0,658.99
Single Malt,Whisky,Komagatake Single Malt 2021 Ltd Edition,700,6,MAL-KSME-700x6,6220.44,6998.01,1036.74,1166.33,4976881504738.0,1487.99
Single Malt,Whisky,Komagatake Single Malt Ltd Edition,700,6,MAL-KOSE-700x6,6340.44,7133.0,1056.74,1188.83,4976881503625.0,1447.99
Japanese Whisky,Whisky,Mars 'Cosmo' Manzanilla Cask,700,6,MARS-CMAN-700x6,4178.67,4701.0,696.44,783.5,4976881503953.0,1001.99
Japanese Whisky,Whisky,Mars 'Cosmo' Malted,700,6,MARS-COSM-700x6,3968.0,4464.0,661.33,744.0,4976881501164.0,848.99
Vodka,Vodka,Blu Vodka 50ml x192,50,192,BLU-50x192,1601.6,1801.8,8.34,9.38,75496332409.0,15.95
Vodka,Vodka,Blu Vodka 750ml x12,750,12,BLU-750x12,2026.67,2280.0,168.89,190.0,75496127517.0,219.99
Vodka,Vodka,Crystal Head Onyx 750x6,750,6,VOD-ONAG-750x6,2834.67,3189.0,472.45,531.5,627040411889.0,599.99
Vodka,Vodka,Crystal Head Vodka 1750x3,1750,3,VOD-CHRD-1750x3,2772.44,3119.0,924.15,1039.67,627040411469.0,1244.99
Vodka,Vodka,Molotoff Vodka 750x12,750,12,MOL-750x12,767.96,863.96,64.0,72.0,,78.26
Vodka,Vodka,Russian Standard Gold Vodka,1000,6,RUSS-GVOD-1000x6,1283.22,1443.62,213.87,240.6,4603400000937.0,300.76
Vodka,Vodka,Russian Standard Platinum Vodka,1000,6,RUSS-PVOD-1000x6,1364.76,1535.36,227.46,255.89,736040018605.0,319.87
Vodka,Vodka,Russian Standard Vodka,750,12,RUSS-SVOD-750x12,2514.67,2829.0,209.56,235.75,3604001872.0,294.99
Vodka,Vodka,Tito’s Handmade Vodka - 50mlx60,50,60,VOD-TITO-50x60,1296.89,1459.0,21.61,24.32,619947000068.0,29.99
Vodka,Vodka,Tito’s Handmade Vodka - 375ml,375,12,VOD-TITO-375x12,1936.89,2179.0,161.41,181.58,619947000051.0,203.0
Vodka,Vodka,Tito’s Handmade Vodka - 750mlx12,750,12,VOD-TITO-750x12,3204.44,3605.0,267.04,300.42,619947000020.0,375.99
Vodka,Vodka,Tito’s Handmade Vodka - 1000mlx12,1000,12,VOD-TITO-1000x12,4402.67,4953.0,366.89,412.75,619947000013.0,515.99
Gin,Gin,Bloom London Dry Gin,700,6,GIN-BLOO-700x6,1442.66,1622.99,240.44,270.5,5010296169249.0,319.95
Gin,Gin,Greenall London Gin,700,6,GIN-GREE-700x6,1193.78,1343.0,198.96,223.83,,279.99
Gin,Gin,Greenall London Gin 1L,1000,6,GIN-GREE-1000x6,1712.0,1926.0,285.33,321.0,5010296003093.0,401.0
Gin,Gin,Greenall Pineapple Gin - 700x6,700,6,GIN-PINE-700x6,1305.78,1469.0,217.63,244.83,5010296013344.0,305.99
Gin,Gin,Greenall Blueberry Gin,700,6,GIN-BBER-700x6,1279.11,1439.0,213.19,239.83,5010296007114.0,299.99
Gin,Gin,Greenall Wildberry Gin,700,6,GIN-WBER-700x6,1279.11,1439.0,213.19,239.83,5010296003260.0,299.99
Gin,Gin,Malfy Arancia,750,6,PER-ARAN-750x6,2099.56,2362.01,349.93,393.67,5000299296400.0,491.0
Gin,Gin,Malfy Limone,750,6,PER-LIMO-750x6,2096.89,2359.0,349.48,393.17,853222006004.0,491.0
Gin,Gin,Malfy Originale,750,6,PER-ORIG-750x6,2096.89,2359.0,349.48,393.17,5000299296424.0,491.0
Gin,Gin,Malfy Rosa Grapefruit,750,6,PER-ROSA-750x6,2099.56,2362.01,349.93,393.67,5000299296387.0,491.0
Gin,Gin,Opihr Oriental Spiced Rum 700x6,700,6,GIN-OPLH-700x6,1500.37,1687.92,250.06,281.32,5010296001020.0,351.65
Tequila & Mezcal,Tequila/Mezcal,Del Maguey Mezcal,750,6,PER-MEZC-750x6,1814.45,2041.26,302.41,340.21,618397200929.0,425.26
Uncategorized,Uncategorized,El Recuerdo 5 Segundo KO Reposado Mazcal,750,6,RECU-5SEC-750x6,1529.78,1721.0,254.96,286.83,7503009838337.0,374.0
Uncategorized,Uncategorized,El Recuerdo Abacado with Worm,750,12,RECU-ABOW-750x12,2534.22,2851.0,211.19,237.58,7503021403452.0,296.99
Uncategorized,Uncategorized,El Recuerdo Joven,750,12,RECU-JOVE-750x12,2372.44,2669.0,197.7,222.42,7503009838337.0,277.99
Tequila & Mezcal,Tequila/Mezcal,Exotico Tequila Blanco,750,12,TEQ-EXOB-750x12,2056.89,2314.0,171.41,192.83,88352126517.0,240.99
Tequila & Mezcal,Tequila/Mezcal,Exotico Tequila Reposado,750,12,TEQ-EXOR-750x12,2056.89,2314.0,171.41,192.83,88352126609.0,240.99
Tequila & Mezcal,Tequila/Mezcal,Exotico Tequila Reposado,1000,12,TEQ-EXOR-1000x12,2320.0,2610.0,193.33,217.5,88352126616.0,264.99
Tequila & Mezcal,Tequila/Mezcal,Juarez Tequila Gold,750,12,TEQ-JUAG-750x12,1511.11,1700.0,125.93,141.67,88352100829.0,176.99
Tequila & Mezcal,Tequila/Mezcal,Juarez Tequila Silver,750,12,TEQ-JUAS-750x12,1488.89,1675.0,124.07,139.58,88352100234.0,173.99
Tequila & Mezcal,Tequila/Mezcal,Juarez Tequila Gold 1L,1000,12,TEQ-JUAG-1000x12,1997.33,2247.0,166.44,187.25,88352100227.0,183.99
Tequila & Mezcal,Tequila/Mezcal,Juarez Tequila Silver 1L,1000,12,TEQ-JUAS-1000x12,1997.33,2247.0,166.44,187.25,88352100227.0,183.99
Tequila & Mezcal,Tequila/Mezcal,KAH Blanco Tequila,700,6,KAH-BLAN-700x6,2006.22,2257.0,334.37,376.17,,441.99
Tequila & Mezcal,Tequila/Mezcal,KAH Reposado Tequila,700,6,KAH-REPO-700x6,2459.56,2767.01,409.93,461.17,,544.99
Tequila & Mezcal,Tequila/Mezcal,Komos Reposado Rosa Tequila,750,6,KOM-REPRO-750x6,4095.11,4607.0,682.52,767.83,,902.99
Tequila & Mezcal,Tequila/Mezcal,Komos Anejo Reserva Tequila,750,6,KOM-ANRE-750x6,5331.56,5998.01,888.59,999.67,,1175.99
Tequila & Mezcal,Tequila/Mezcal,Komos Tequila Anejo Cristalino,750,6,KOM-TANE-750x6,4305.78,4844.0,717.63,807.33,860001753417.0,942.99
Tequila & Mezcal,Tequila/Mezcal,Teremana Small Batch Teq. Blanco 375ml,375,12,TER-BLAN-375x12,1594.67,1794.0,132.89,149.5,,185.99
Tequila & Mezcal,Tequila/Mezcal,Teremana Small Batch Teq. Reposado 375ml,375,12,TER-REPO-375x12,1635.83,1896.0,136.32,158.0,,185.99
Tequila & Mezcal,Tequila/Mezcal,Teremana Anejo Tequila 750x6,750,6,TER-ANEJ-750x6,1928.89,2170.0,321.48,361.67,850015640124.0,452.99
Tequila & Mezcal,Tequila/Mezcal,Teremana Blanco Tequila,750,6,TER-BLAN-750x6,1760.0,1975.0,293.33,329.17,850015640025.0,407.99
Tequila & Mezcal,Tequila/Mezcal,Teremana Reposado Tequila,750,6,TER-REPO-750x6,1840.0,2068.0,287.8,323.67,850015640032.0,415.99
Liqueurs,Liqueurs,Absente Grande Absinthe 55,700,6,ABS-GLIQ-700x6,1515.66,1705.12,252.61,284.19,3379974201001.0,355.23
Liqueurs,Liqueurs,Absente Grande Absinthe 55,700,6,ABS-LIQ-700x6,1310.4,1474.2,218.4,245.7,3379974200011.0,307.13
Liqueurs,Liqueurs,Absente Grande Absinthe 69,700,6,ABS-GLIQ-700x6,1515.66,1705.12,252.61,284.19,3379974201001.0,355.23
Liqueurs,Liqueurs,Bols Amaretto,700,6,BOLS-AMAR-700x6,1404.44,1580.0,234.07,263.33,8716000964694.0,329.99
Brandy,Brandy/Cognac,Bols Apricot Brandy,700,6,BOLS-APBR-700x6,1320.89,1486.0,220.15,247.67,8716000965240.0,308.38
Liqueurs,Liqueurs,Bols Banana Liqueur,700,6,BOLS-BANA-700x6,1286.22,1447.0,214.37,241.17,8716000965004.0,296.99
Liqueurs,Liqueurs,Bols Blue Curacao,700,6,BOLS-BLCU-700x6,1321.78,1487.0,220.3,247.83,8716000965226.0,309.99
Liqueurs,Liqueurs,Bols Blueberry,700,6,BOLS-BLUE-700x6,1288.89,1450.0,214.82,241.67,8716000966278.0,297.99
Liqueurs,Liqueurs,Bols Butterscotch,700,6,BOLS-BUTS-700x6,1360.89,1531.0,226.82,255.17,8716000966535.0,305.99
Liqueurs,Liqueurs,Bols Coffee Liqueur,700,6,BOLS-CFLO-700x6,1404.44,1580.0,234.07,263.33,8716000965127.0,329.0
Liqueurs,Liqueurs,Bols Creme de Cacao Brown,700,6,BOLS-CRCB-700x6,1321.78,1487.0,220.3,247.83,8716000964984.0,309.99
Liqueurs,Liqueurs,Bols Creme de Cacao White,700,6,BOLS-CRCW-700x6,1322.67,1488.0,220.45,248.0,8716000964960.0,309.99
Liqueurs,Liqueurs,Bols Creme de Cassis,700,6,BOLS-CRCH-700x6,1285.33,1446.0,214.22,241.0,8716000964922.0,296.99
Liqueurs,Liqueurs,Bols Kiwi,700,6,BOLS-KIWI-700x6,1405.33,1581.0,234.22,263.5,8716000964830.0,329.0
Liqueurs,Liqueurs,Bols Lychee Liqueur,700,6,BOLS-LYCH-700x6,1404.44,1580.0,234.07,263.33,8716000964816.0,329.0
Liqueurs,Liqueurs,Bols Mango 700mlx,700,6,BOLS-MANG-700x6,1349.33,1518.0,224.89,253.0,8716000967152.0,317.0
Liqueurs,Liqueurs,Bols Melon,700,6,BOLS-MELO-700x6,1321.78,1487.0,220.3,247.83,8716000964755.0,309.99
Liqueurs,Liqueurs,Bols Parfait Armour,700,6,BOLS-PARM-700x6,1365.33,1536.0,227.56,256.0,8716000964946.0,296.99
Liqueurs,Liqueurs,Bols Passion Fruit,700,6,BOLS-PASF-700x6,1323.56,1489.0,220.59,248.17,8716000964751.0,309.99
Liqueurs,Liqueurs,Bols Peach,700,6,BOLS-PECH-700x6,1402.67,1578.0,233.78,263.0,8716000965259.0,329.0
Liqueurs,Liqueurs,Bols Peppermint Green,700,6,BOLS-PEPG-700x6,1320.44,1485.0,220.07,247.5,8716000965417.0,309.99
Liqueurs,Liqueurs,Bols Raspberry,700,6,BOLS-RASP-700x6,1380.44,1553.0,230.07,258.83,8716000964717.0,304.99
Gin,Gin,Bols Sloe Gin,700,6,BOLS-SLOE-700x6,1240.0,1395.0,206.67,232.5,8716000953339.0,279.99
Liqueurs,Liqueurs,Bols Sour Apple,700,6,BOLS-SOAS-700x6,1405.33,1582.0,234.22,263.67,8716000966414.0,329.99
Liqueurs,Liqueurs,Bols Strawberry,700,6,BOLS-STRW-700x6,1286.22,1447.0,214.37,241.17,8716000965332.0,298.99
Liqueurs,Liqueurs,Bols Triple Sec,700,6,BOLS-TRSE-700x6,1404.44,1580.0,234.07,263.33,8716000965066.0,329.0
Liqueurs,Liqueurs,Bols Vanilla,700,6,BOLS-VANA-700x6,1290.67,1452.0,215.11,242.0,8716000965138.0,299.99
Liqueurs,Liqueurs,Disaronno Amaretto 50x120,50,120,LAW-ADSA-50x120,2576.0,2898.0,21.47,24.15,,29.99
Liqueurs,Liqueurs,Disaronno Velvet,700,6,LAW-ADSV-700x6,1796.44,2021.0,299.41,336.83,8001110589708.0,420.99
Gin,Gin,Disaronno Originale 700ml,700,12,LAW-ADWB-700x12,3397.33,3822.0,283.11,318.5,800111016103.0,397.99
Gin,Gin,Disaronno Originale 1000ml,1000,12,LAW-ADOR-1000x12,4804.45,5405.0,400.37,450.42,,529.99
Vodka,Vodka,Dooley’s Original Toffee & Vodka 700mlx6,700,6,DLY-OTVD-700x6,1457.78,1640.0,242.96,273.33,4004752284615.0,341.99
Liqueurs,Liqueurs,Isolabella Limoncello,700,6,ISOB-LIMO-700x6,1307.56,1471.0,217.93,245.17,8001110011814.0,305.99
Liqueurs,Liqueurs,Isolabella Sambuca,700,6,LAW-SAMB-700x6,1326.22,1492.0,221.04,248.67,8001110011118.0,311.0
Uncategorized,Uncategorized,Mokatika 750x12,750,12,MOK-750x12,1481.78,1703.0,126.15,141.92,75496327612.0,169.99
Liqueurs,Liqueurs,Molly’s Irish Cream Liqueur 750ml x12,750,12,MOL-ICLQ-750x12,2688.0,3024.0,224.0,252.0,736040004033.0,314.99
Liqueurs,Liqueurs,Passoa Liqueur 700mlx6,700,6,LIQ-PASO-700x6,1559.11,1754.0,259.85,292.33,3035540000143.0,365.0
Liqueurs,Liqueurs,Tia Maria Liqueur 700mlx12,700,12,LIQ-TMAR-700x12,2772.0,3125.0,231.0,260.42,5012523233129.0,377.99
Liqueurs,Liqueurs,Villon,750,6,VILL-CLIQ-750x6,1920.89,2141.0,320.15,360.17,813479072229.0,440.0
Uncategorized,Uncategorized,Correia’s Charlie’s Red 750ml,750,12,CCR-750x12,414.22,466.0,34.52,38.83,754963550025.0,50.0
Uncategorized,Uncategorized,Correia’s Hard Wine 200ml,200,24,CHW-200x24,344.0,387.0,14.33,16.13,75496331617.0,19.99
Uncategorized,Uncategorized,Correia’s Hard Wine 750ml,750,12,CHW-750x12,491.56,553.01,40.96,46.08,754963550223.0,49.99
Port/Madeira,Fortified Wine,Madere Cruz 750mlx6,750,6,PCI-MDCR-750x6,795.94,895.43,132.66,149.24,3147690034100.0,186.55
Port/Madeira,Fortified Wine,Porto Cruz 10 Anos w/Wooden Gift Box,750,6,PCI-10WB-750x6,1261.87,1419.6,210.31,236.6,3147690034117.0,284.99
Port/Madeira,Fortified Wine,Porto Cruz Pink 750x6,750,6,PCI-PINK-750x6,795.94,895.43,132.66,149.24,3147690015625.0,186.55
Port/Madeira,Fortified Wine,Porto Cruz Ruby 750x6,750,6,PCI-RUBY-750x6,795.94,895.43,132.66,149.24,3147690015649.0,186.55
Port/Madeira,Fortified Wine,Porto Cruz Spec. Reserv w/Wooden Box,750,6,PCI-SRWB-750x6,990.08,1113.84,165.01,185.64,3147690024804.0,232.05
Port/Madeira,Fortified Wine,Porto Cruz Tawny 750x6,750,6,PCI-TAWN-750x6,774.59,871.41,129.1,145.24,3147690015700.0,182.65
Port/Madeira,Fortified Wine,Porto Cruz White 750x6,750,6,PCI-WHIT-750x6,604.14,675.46,100.02,111.23,3147690089803.0,135.95
Champagne,Sparkling Wine,Bollinger La Grande Annee 2012,750,6,CHB-GANN-750x6,3787.56,4261.01,631.26,710.17,3052853083119.0,709.99
Champagne,Sparkling Wine,Bollinger La Grande Annee Rose 2012,750,6,CHB-GANR-750x6,6673.78,7508.0,1112.3,1251.33,3052853083324.0,885.99
Champagne,Sparkling Wine,Bollinger Rose-1500x3,1500,3,CHB-BROS-1500x3,4553.78,5123.0,1517.93,1707.67,,2134.99
Champagne,Sparkling Wine,Bollinger Grand Annee 2012 in Gift Box,750,6,CHB-GANN-750x6,3787.56,4261.01,631.26,710.17,3052853083119.0,709.99
Champagne,Sparkling Wine,Bollinger RD 2007,750,3,CHB-RDGX-750x3,4771.15,5372.0,1591.7,1790.67,52853083850.0,1193.99
Champagne,Sparkling Wine,Bollinger RD 2007 Magnum,1500,1,CHB-MAWX-1500x1,2951.11,3302.0,2951.11,3302.0,3052853083898.0,2421.99
Champagne,Sparkling Wine,Bollinger Rose,750,6,CHB-BROS-750x6,3652.44,4109.0,608.74,685.0,3052853083821.0,817.99
Champagne,Sparkling Wine,Bollinger Rose Magnums,1500,3,CHB-RMAG-1500x3,4710.22,5299.0,1570.07,1766.33,3052853083821.0,2148.99
Champagne,Sparkling Wine,Bollinger Special Cuvee Brut,750,6,CHB-BRUT-750x6,3539.56,3982.01,589.93,664.0,3052853074957.0,589.99
Champagne,Sparkling Wine,Bollinger Special Cuvee Brut 1500,1500,3,CHB-BRLE-1500x3,4133.33,4650.0,1377.78,1550.0,3052853075099.0,1059.0
Champagne,Sparkling Wine,Piper-Heidsieck Cuvee Brut Champagne,750,6,PIPH-BRUT-750x6,3458.67,3891.0,576.45,648.5,,762.99
Champagne,Sparkling Wine,Piper-Heidsieck Rose Sauvage Champagne,750,6,PIPH-ROSE-750x6,3458.67,3891.0,576.45,648.5,3018330000117.0,762.99
Champagne,Sparkling Wine,L’Hoste Brut Rose,750,6,CLH-BROS-750x6,2336.89,2629.0,389.48,437.18,3594940000017.0,547.99
Champagne,Sparkling Wine,L’Hoste Brut Tradition,750,6,CLH-BRAD-750x6,2038.23,2294.0,367.56,413.04,3594940000048.0,512.99
Champagne,Sparkling Wine,L’Hoste Demi Sec,750,6,CLH-DEMI-750x6,2038.23,2294.0,339.7,382.17,3594940000048.0,512.99
Uncategorized,Uncategorized,Baron M Jardin D’Amore Cote du Provence,750,6,MAR-BJAP-750x6,1045.33,1176.0,174.22,196.0,3760373800481.0,245.0
Uncategorized,Uncategorized,Chateau Au Pont de Guitres,750,6,MAR-CAPG-750x6,1152.0,1296.0,192.0,216.0,3760398210104.0,270.0
French Wine,Wine,Chateauneuf de Pape D.J. Dupere Caboche,750,6,MAR-CDPC-750x6,1813.33,2048.0,302.24,340.0,3488900020143.0,425.0
Uncategorized,Uncategorized,Domaine Philippe Plantevin Le Perussier,750,6,MAR-DPPP-750x6,874.67,984.0,145.78,164.0,3362729800031.0,205.0
French Wine,Wine,AOP Bourgogne Aligote Moillard Lond du Bo,750,6,LGCF-ALII-750x6,942.22,1060.0,157.04,176.67,3180421053412.0,211.99
Uncategorized,Uncategorized,AOP Lalande de Pomerol Red Sgt Merle,750,6,LGCF-SERG-750x6,1154.45,1299.89,192.41,216.65,3506010057889.0,261.95
Uncategorized,Uncategorized,Aetos Red Blend Merlot Cabernet Syrah,750,6,LGCF-ARMC-750x6,535.65,602.61,89.28,100.43,3506010125489.0,125.55
French Wine,Wine,Beaujolais Red Calvet AOP,750,6,LGCF-BEAU-750x6,655.65,737.1,109.2,122.85,3159500700084.0,153.56
French Wine,Wine,Beaujolais Villages NNF,750,12,GDB-BEAU-750x12,1418.26,1595.54,118.19,132.96,3351560000007.0,166.21
French Wine,Wine,Bourgogne Moillard Le Duche Char AOP,750,6,LGCF-BOCH-750x6,846.42,952.21,141.07,158.7,3180421043789.0,198.38
French Wine,Wine,Bourgogne Red Moillard Duche P. Noir AOP,750,6,LGCF-BOPN-750x6,891.78,1031.94,152.88,177.33,3180421057603.0,214.99
Uncategorized,Uncategorized,Cabernet Sauvignon Pays D’oc Rouge,750,12,GDB-CASA-750x12,1231.78,1385.75,102.65,115.48,3315560001167.0,144.35
French Wine,Wine,Calvet Cabernet Sauvignon IGP OC,750,6,LGCF-CSAUV-750x6,901.33,1014.0,150.22,169.0,3159506036286.0,139.03
French Wine,Wine,Calvet Chardonnay IGP OC,750,6,LGCF-CHAR-750x6,567.84,638.82,94.64,106.47,3159560603804.0,133.09
French Wine,Wine,Calvet Merlot IGP OC,750,6,LGCF-RMER-750x6,567.84,638.82,94.64,106.47,3159560603279.0,133.09
French Wine,Wine,Calvet Sauvignon IGP OC,750,6,LGCF-SAUV-750x6,567.84,638.82,94.64,106.47,3159560603811.0,133.09
French Wine,Wine,Calvet Syrah IGP OC,187,48,LGCF-SYRA-187x48,1203.11,1351.45,25.06,28.15,3159506012800.0,36.9
French Wine,Wine,Calvet Varietals Merlot Suede IGP OC,187,48,LGCF-MERI-187x48,1249.25,1405.41,26.03,29.28,3159506013535.0,36.6
Uncategorized,Uncategorized,Chardonnay 2019,750,6,BDPR-CHAR-750x6,683.35,768.77,113.89,128.13,3262153031757.0,160.17
Uncategorized,Uncategorized,Chardonnay Pays D’oc Blanc,750,12,GDB-CHAR-750x12,1289.04,1451.35,107.42,120.95,3351560012422.0,151.05
Wines Around the World,Wine,Chardonnay Pays D’oc IGP Honbon,750,12,HOB-CHAR-750x12,1226.67,1380.0,102.22,115.0,3351560012422.0,99.0
French Wine,Wine,Chateauneuf Du Pape,750,6,GDB-CHAT-750x6,1829.33,2063.0,296.93,335.0,3351560014791.0,371.0
French Wine,Wine,Chateauneuf Du Pape Red Calvet AOP,750,6,LGCF-CHAT-750x6,1659.84,1867.32,276.64,311.22,3159500071003.0,389.63
French Wine,Wine,Cote Du P. Rose Calvet Mur. De Rose AOP,750,6,LGCF-PROS-750x6,905.58,1018.0,150.93,169.67,3159500146701.0,196.56
French Wine,Wine,Cotes Du Rhone Red Calvet AOP,750,6,LGCF-RHON-750x6,655.2,737.1,109.2,122.85,3159505406020.0,153.56
French Wine,Wine,Cotes Du Rhone Rouge Chantecler,750,12,GDB-RHON-750x12,1387.08,1560.47,115.59,130.04,3351560020694.0,162.54
Uncategorized,Uncategorized,Fleurie Domaine Des 4 Vents,750,12,GDB-FLEU-750x12,1603.56,1804.09,133.63,150.33,3351560002256.0,187.92
Uncategorized,Uncategorized,G.D.B. Morgon,750,12,GDB-MORG-750x12,1599.29,1799.29,133.27,149.93,3351560001286.0,187.41
Uncategorized,Uncategorized,G.D.B. Brouilly,750,12,GDB-BROU-750x12,1395.91,1574.06,116.33,130.78,3351560001402.0,163.49
Uncategorized,Uncategorized,Julienas Ch. Des Capitans,750,12,GDB-JULI-750x12,1703.52,1916.46,141.96,159.71,3351560011666.0,199.93
Uncategorized,Uncategorized,La Cuvee Red Wine,750,12,GDB-CUVR-750x12,1231.78,1385.75,102.65,115.48,3351560000007.0,144.35
Uncategorized,Uncategorized,La Cuvee White Wine,750,12,GDB-CUVB-750x12,1231.78,1385.75,102.65,115.48,3351560000007.0,144.35
Wines Around the World,Wine,La Fage Miraflors Provence Rose,750,6,DLA-MIRO-750x6,764.4,859.95,127.4,143.33,3760031470239.0,175.0
French Sparkling,Sparkling Wine,Luc Belaire Bleu 750mlx6,750,6,LUB-BLUE-750x6,2135.11,2402.0,355.85,400.33,814394007089.0,500.0
French Sparkling,Sparkling Wine,Luc Belaire Bleu Gift Tube,750,6,LUB-BLGT-750x6,2135.11,2402.0,355.85,400.33,7895916403058.0,500.0
French Sparkling,Sparkling Wine,Luc Belaire Gold 750mlx6,750,6,LUB-GOLD-750x6,2248.4,2532.0,374.67,421.5,814394007038.0,527.0
French Sparkling,Sparkling Wine,Luc Belaire Gold in Gift Box Tube,750,6,LUB-GOGT-750x6,2167.11,2438.0,361.19,406.33,814394007038.0,528.99
French Sparkling,Sparkling Wine,Luc Belaire Luxe 750mlx6,750,6,LUB-LUXE-750x6,2135.11,2402.0,355.85,400.33,814394007020.0,500.0
French Sparkling,Sparkling Wine,Luc Belaire Luxe Gift Tube,750,6,LUB-LUGT-750x6,2244.44,2525.0,374.07,420.83,7895916403568.0,525.99
French Sparkling,Sparkling Wine,Luc Belaire Luxe Rose 750mlx6,750,6,LUB-LUXR-750x6,2190.67,2463.0,365.11,410.5,814394004310.0,514.99
French Sparkling,Sparkling Wine,Luc Belaire Luxe Rose Gift Tube,750,6,LUB-LRGT-750x6,2180.44,2453.0,363.41,408.83,7895916403590.0,519.99
French Sparkling,Sparkling Wine,Luc Belaire Luxe Rose Gift Tube,750,6,LUB-LRGT-750x6,2180.44,2453.0,363.41,408.83,7895916403590.0,519.99
French Sparkling,Sparkling Wine,Luc Belaire Rose Gift Tube,750,6,LUB-ROGT-750x6,2238.22,2518.0,373.04,419.67,789591645073.0,519.99
French Sparkling,Sparkling Wine,Luc Belaire Rose Jeroboam,3000,1,LUB-SPRJ-3000x1,1960.89,2206.0,1960.89,2206.0,5081349705923.0,2332.99
French Sparkling,Sparkling Wine,Luc Belaire Rose Sparkling 750x6,750,6,LUB-SPRO-750x6,2245.33,2526.0,374.22,421.0,813497005904.0,525.99
French Sparkling,Sparkling Wine,Luc Belaire Rose w/2 Flutes,750,6,LUB-ROGS-750x6,2244.44,2525.0,374.07,420.83,813497004440.0,525.99
Uncategorized,Uncategorized,Moulin A Vent Dom Du Pourpre,750,12,GDB-CUVV-750x12,1900.56,2138.13,158.38,178.13,3351560016321.0,222.72
French Wine,Wine,Mouton Cadet Blanc 2019,750,6,BDPR-MCBL-750x6,777.0,874.13,129.5,145.69,3262152001756.0,172.95
French Wine,Wine,Mouton Cadet Reserve Graves Rouge 2017,750,6,BDPR-MCRG-750x6,939.6,1057.05,156.6,176.18,3262151100757.0,220.21
French Wine,Wine,Mouton Cadet Reserve Saint Emilion 2017,750,6,BDPR-MCRS-750x6,997.73,1122.45,166.29,187.07,3262151101754.0,208.95
French Wine,Wine,Mouton Cadet Rouge 2017,750,6,BDPR-MCRO-750x6,846.42,952.22,141.07,158.7,3262151001757.0,198.38
Wines Around the World,Wine,Pays OC Rouge Honbon Red Blend,750,12,HOB-PARO-750x12,1226.67,1380.0,102.22,115.0,3351560016987.0,99.0
Uncategorized,Uncategorized,Pierre Marcel Sweet Red,750,6,LGCF-SWHI-750x6,500.86,563.47,83.48,93.91,3506010140701.0,117.39
Uncategorized,Uncategorized,Pierre Marcel Sweet White,750,6,LGCF-SRED-750x6,500.86,563.47,83.48,93.91,3506010087622.0,117.39
Uncategorized,Uncategorized,Pierre Marcel Sweet Rose,750,6,LGCF-SWRO-750x6,500.86,563.47,83.48,93.91,3506010104701.0,117.39
Uncategorized,Uncategorized,Pinot Noir 2019,750,6,BDPR-PINO-750x6,683.35,768.77,113.89,128.13,3262151081759.0,160.17
French Wine,Wine,Pouilly Fuisse Clos Reyssie,750,12,GDB-POUI-750x12,2611.55,2937.99,217.63,244.83,3315500259890.0,306.05
French Wine,Wine,Red Calvet Celebration Spark Brut,750,6,LGCF-CELR-750x6,1446.22,1627.0,241.04,271.17,3506010137433.0,338.99
French Wine,Wine,Red Calvet Mer Cab Syrah E,750,6,LGCF-MCSE-750x6,751.3,845.21,125.22,140.87,3506010125495.0,176.09
Wines Around the World,Wine,Rose All Day 'Rosé',750,12,ROS-ROAD-750x12,1276.24,1435.97,106.35,119.67,8330200200529.0,199.0
Uncategorized,Uncategorized,Rose in Can with Bubbles - 250x24,250,24,ROS-CANB-250x24,1275.56,1435.01,53.15,59.79,833020020627.0,45.0
Wines Around the World,Wine,Rose All Day Rose in Cans - 250x24,250,24,ROS-CANS-250x24,889.78,1001.0,37.07,41.71,833020020527.0,31.0
French Wine,Wine,Sainte Roseline Prestige Provence Rose,750,6,RODI-ROSE-750x6,1203.68,1354.14,200.61,225.69,3760022531476.0,282.0
French Wine,Wine,Saint-Veran Dom St. Martin,750,12,GDB-SAIN-750x12,1798.05,2022.81,149.84,168.57,3351560070001.0,275.0
French Wine,Wine,Santenay Red Moillard Vielles AOP,750,6,LGCF-SANR-750x6,1288.0,1449.0,214.67,241.5,3180421068050.0,275.0
Uncategorized,Uncategorized,St Emilion Grand Cru Red Cht Cantin AOP,750,6,LGCF-EMIL-750x6,1176.0,1323.0,196.0,220.5,3506010148255.0,275.63
Uncategorized,Uncategorized,Syrah Pays D’oc Rouge,750,12,GDB-SYRA-750x12,1231.78,1385.75,102.65,115.48,3351560001175.0,144.35
French Wine,Wine,White Calvet Celebration Spark Brut,750,6,LGCF-CELW-750x6,1445.33,1626.0,240.89,271.0,3506010137440.0,338.99
Wines Around the World,Wine,Invivo X SJP Sauvignon Blanc 750x6,750,6,INVI-SABL-750x6,1044.62,1175.2,174.1,195.87,9421905673006.0,165.55
Uncategorized,Uncategorized,Carmenere-Chile,750,6,TUSJ-CARM-750x6,677.6,762.3,112.93,127.05,3760024504142.0,145.95
Uncategorized,Uncategorized,Chenin Blanc-South Africa,750,6,TUSJ-CHEN-750x6,665.88,749.12,110.98,124.85,3760024504105.0,156.07
Uncategorized,Uncategorized,Merlot-France,750,6,TUSJ-MERL-750x6,655.2,737.1,109.2,122.85,3760024504201.0,153.55
Uncategorized,Uncategorized,Moscato Rose-Spain,750,6,TUSJ-MROS-750x6,1130.67,1277.3,188.45,212.88,3760024504294.0,264.99
Uncategorized,Uncategorized,Moscato White Sweet-Spain,750,6,TUSJ-MOSW-750x6,624.4,702.45,104.07,117.08,3760024504218.0,153.55
Uncategorized,Uncategorized,Pinot Grigio-Italy,750,6,TUSJ-PIGR-750x6,655.2,737.1,109.2,122.85,3760024504256.0,153.55
Italian Wine,Wine,Prosecco-Italy,750,6,TUSJ-PROS-750x6,1494.22,1681.0,249.04,280.17,3760024504054.0,309.99
German Wine,Wine,Riesling-Germany,750,6,TUSJ-RIES-750x6,655.2,737.1,109.2,122.85,3760024504111.0,153.55
Uncategorized,Uncategorized,Sauvignon Blanc-New Zealand,750,6,TUSJ-SAUV-750x6,756.0,850.5,126.0,141.75,3760024504016.0,156.95
Uncategorized,Uncategorized,Sweet Cat-Italy,750,6,TUSJ-SCAT-750x6,587.26,661.4,97.88,110.23,3760024504078.0,156.95
Uncategorized,Uncategorized,Zinfandel-USA,750,6,TUSJ-ZINF-750x6,747.6,841.05,124.6,140.18,3760024504183.0,156.95
Chilean Wine,Wine,Escudo Rojo Gran Reserva,750,12,ESCU-ROGR-750x12,1626.8,1830.15,135.57,152.51,7804462004859.0,177.95
Chilean Wine,Wine,Escudo Rojo Reserva Cabernet Sauvignon,750,12,ESCU-RORC-750x12,1495.11,1682.0,124.59,140.17,7804462001055.0,159.0
Chilean Wine,Wine,Mapu Cabernet Sauvignon,750,12,MAPU-CASU-750x12,1092.0,1228.5,91.0,102.38,7804462001492.0,120.95
Chilean Wine,Wine,Mapu Carmenere,750,12,MAPU-CARM-750x12,1092.0,1228.5,91.0,102.38,7804462001317.0,120.95
Chilean Wine,Wine,Mapu Gran Reserva Carignan,750,12,MAPU-GRCA-750x12,1315.06,1479.44,109.59,123.38,7804462003320.0,141.95
Chilean Wine,Wine,Mapu Gran Reserva Chardonnay,750,12,MAPU-GRCH-750x12,1315.06,1479.44,109.59,123.38,7804462003214.0,141.95
Chilean Wine,Wine,Mapu Rose,750,12,MAPU-ROSE-750x12,1092.0,1228.5,91.0,102.38,7804462003094.0,120.95
Chilean Wine,Wine,Mapu Sauvignon Blanc/Chardonnay,750,12,MAPU-SBOC-750x12,1092.0,1228.5,91.0,102.38,7804462003124.0,120.95
Chilean Wine,Wine,Santa Rita 120 Reserva Especial 187x24,187,24,SANT-RECM-187x24,635.78,715.25,26.49,29.8,8685609011926.0,37.25
Chilean Wine,Wine,Santa Rita 120 Reserva Especial Merlot,750,12,SANT-REME-750x12,1198.78,1348.63,99.9,112.39,8685609011150.0,140.48
Chilean Wine,Wine,Santa Rita 120 Reserva Especial Moscato,750,12,SANT-REMO-750x12,1198.78,1348.63,99.9,112.39,8685609011617.0,140.48
Chilean Wine,Wine,Santa Rita Reserva Especial Chardonnay,750,12,SANT-RECH-750x12,1198.78,1348.63,99.9,112.39,8685609011655.0,140.48
Chilean Wine,Wine,Santa Rita Reserva Especial Sauv. Blanc,750,12,SANT-RECS-750x12,1198.78,1348.63,99.9,112.39,8685609011725.0,140.48
Chilean Wine,Wine,Santa Rita Reserva Especial Cabernet Sauv.,750,12,SANT-RECC-750x12,1344.44,1512.5,112.04,126.04,8685609011579.0,157.56
Chilean Wine,Wine,Santa Rita Secret Reserve Red,750,12,SANT-SRED-750x12,1043.47,1173.9,86.96,97.83,7804330006717.0,122.29
Chilean Wine,Wine,Santa Rita Tres Medallas Cabernet Sauvignon,750,12,SANT-TMCS-750x12,1043.47,1173.9,86.96,97.83,7804330006717.0,122.29
Chilean Wine,Wine,Santa Rita Tres Medallas Chardonnay,750,12,SANT-TMCH-750x12,1043.47,1173.9,86.96,97.83,7804330006731.0,122.29
Chilean Wine,Wine,Santa Rita Tres Medallas Merlot,750,12,SANT-TMER-750x12,1043.47,1173.9,86.96,97.83,7804330006731.0,122.29
Chilean Wine,Wine,Santa Rita Tres Medallas Sweet Rose,750,12,SANT-TMSW-750x12,1019.96,1147.46,85.0,95.62,7804330008674.0,120.0
Chilean Wine,Wine,Santa Rita Tres Medallas Sweet White,750,12,SANT-TMSR-750x12,1019.96,1147.46,85.0,95.62,7804330008650.0,120.0
Chilean Wine,Wine,Santa Rita Tres Medallas Sauv. Blanc,750,12,SANT-TMSB-750x12,1043.47,1173.9,86.96,97.83,7804330006724.0,122.29
Chilean Wine,Wine,Santa Rita 120 Reserva Especial Red Blend,750,12,SANT-RERD-750x12,1198.78,1348.63,99.9,112.39,8685609011664.0,140.48
Portuguese Wine,Wine,Paxis Red Blend,750,12,PAXB-REDB-750x12,1142.22,1285.0,95.19,107.08,5600312192049.0,134.96
Portuguese Wine,Wine,Paxis Rose Blend,750,12,PAXB-ROSB-750x12,1142.22,1285.0,95.19,107.08,5600312192728.0,134.96
Portuguese Wine,Wine,Paxis White Blend,750,12,PAXB-WHIB-750x12,1142.22,1285.0,95.19,107.08,5600312192261.0,134.96
German Wine,Wine,Pillitteri Riesling,375,12,PIL-ICEV-375x12,4054.22,4561.0,337.85,380.08,6271218212102.0,455.0
Uncategorized,Uncategorized,Pillitteri Cabernet Franc,375,12,PIL-ICEV-375x12,4743.33,5336.25,395.28,444.69,6271218212570.0,500.0
Uncategorized,Uncategorized,Pillitteri Vidal,375,12,PIL-ICEV-375x12,3674.94,4134.31,306.25,344.53,6271218212072.0,425.0
Californian Wine,Wine,Bourbon Barrel Aged Double Black,750,12,BOU-1924-750x12,2121.6,2386.8,176.8,198.0,82242015684.0,198.0
Californian Wine,Wine,Cupcake Pinot Noir Wine 750mlx12,750,12,CPK-PINO-750x12,1445.33,1626.0,120.44,135.5,81308001241.0,169.38
Californian Wine,Wine,Cupcake Prosecco 750mlx12,750,12,CPK-PROS-750x12,3086.22,3472.0,257.19,289.33,81308001326.0,361.99
Californian Wine,Wine,Cupcake Red Velvet Wine 750mlx12,750,12,CPK-REDVEL-750x12,1445.33,1626.0,120.44,135.5,81308001258.0,169.38
Californian Wine,Wine,Cupcake Sauvignon Blanc 750mlx12,750,12,CPK-SAUV-750x12,1445.33,1626.0,120.44,135.5,81308000453.0,169.38
Californian Wine,Wine,Double Black Cabernet Sauvignon,750,12,CAB-1924-750x12,2145.17,2413.32,178.76,201.11,82242014943.0,251.38
Californian Wine,Wine,Double Black Dark Red,750,12,RED-1924-750x12,2043.02,2298.4,170.25,191.53,82242013840.0,239.43
Californian Wine,Wine,Gnarly Head CA Cabernet Sauvignon,750,12,DFV-GHCS-750x12,1377.78,1550.0,114.82,129.17,82242290432.0,164.95
Californian Wine,Wine,Gnarly Head Old Vine Zinfandel-750x12,750,12,DFV-GHOZ-750x12,1377.78,1550.0,114.82,129.17,82242294935.0,164.95
Californian Wine,Wine,Just Wine Cabernet Sauvignon,750,6,JUS-CABS-750x6,530.4,596.7,88.4,99.45,3770019267352.0,79.0
Californian Wine,Wine,Just Wine Chardonnay,750,6,JUS-CHAR-750x6,530.4,596.7,88.4,99.45,3770019267345.0,79.0
Californian Wine,Wine,Just Wine Malbec,750,6,JUS-MALB-750x6,530.4,596.7,88.4,99.45,3770019267356.0,89.0
Californian Wine,Wine,Just Wine Merlot,750,6,JUS-MERL-750x6,530.4,596.7,88.4,99.45,3770019267363.0,89.0
Californian Wine,Wine,Just Wine Orange Wine,750,6,JUS-ORAN-750x6,530.4,596.7,88.4,99.45,3770019267314.0,79.0
Californian Wine,Wine,Just Wine Pinot Grigio,750,6,JUS-PIGR-750x6,530.4,596.7,88.4,99.45,3770019267325.0,79.0
Californian Wine,Wine,Just Wine Riesling,750,6,JUS-RIES-750x6,530.4,596.7,88.4,99.45,4049366005478.0,79.0
Californian Wine,Wine,Just Wine Sauvignon Blanc,750,6,JUS-SAUB-750x6,530.4,596.7,88.4,99.45,3770019267387.0,79.0
Californian Wine,Wine,Three Finger Jack Gold Mine Char 2019,750,12,TFJ-GMCH-750x12,1622.22,1825.0,135.19,152.08,82242016137.0,184.95
Californian Wine,Wine,Three Finger Jack Rum Barrel Red Blend 2,750,12,TFJ-RBRB-750x12,1622.22,1825.0,135.19,152.08,82242016131.0,184.95
Californian Wine,Wine,Noble Vines 152 Pinot Grigio,750,12,DFV-152P-750x12,1761.76,1988.91,146.81,165.17,82242014618.0,206.46
Californian Wine,Wine,Noble Vines 181 Merlot,750,12,DFV-181-750x12,1530.74,1722.08,127.56,143.51,82242447430.0,179.38
Californian Wine,Wine,Noble Vines 337 Cabernet Sauvignon,750,12,DFV-337C-750x12,1511.26,1700.17,125.94,141.68,82242280433.0,177.1
Californian Wine,Wine,Noble Vines 515 Rose,750,12,DFV-515R-750x12,1743.04,1981.98,145.83,165.17,82242014298.0,206.46
Californian Wine,Wine,Noble Vines 667 Pinot Noir 750ml,750,12,DFV-667P-750x12,1691.87,1903.35,140.99,158.01,82242544030.0,198.27
Californian Wine,Wine,Noble Vines Marquis Red 750mlx12,750,12,DFV-NVRB-750x12,1371.11,1563.46,115.93,130.04,82242013090.0,157.95
Uncategorized,Uncategorized,Port Barrel Aged Pinot Noir 2020,750,12,POR-1924-750x12,2227.68,2506.14,185.64,208.85,82242016475.0,261.06
Uncategorized,Uncategorized,Sauvignon Blanc 2020,750,12,SAV-1924-750x12,2121.6,2386.8,163.8,184.0,82242016735.0,219.99
Uncategorized,Uncategorized,Scotch Barrel Aged Chardonnay 2019,750,12,CHA-1924-750x12,2121.6,2386.8,176.8,198.0,82242014901.0,248.63
Uncategorized,Uncategorized,L’Appassioné Metallic Label,750,6,SART-APAS-750x6,748.38,841.93,124.73,140.32,8005390043080.0,175.4
Amaro,Liqueurs,Amarone Valp. Classico 'Corte Bra',750,6,SART-AMAR-750x6,1790.88,2014.74,298.48,335.79,8005390046647.0,419.74
Italian Wine,Wine,Banfi Asti Spumante 750x6,750,6,BAN-ASTI-750x6,945.91,1064.15,157.65,177.36,80516004306.0,221.69
Italian Wine,Wine,Banfi Centine Rosso 750x12,750,12,BAN-CENT-750x12,1336.59,1503.66,111.38,125.31,80516048543.0,156.63
Italian Wine,Wine,Banfi Chianti Class 750x12,750,12,BAN-CHIA-750x12,1602.63,1802.96,133.55,150.25,80516108856.0,187.81
Italian Wine,Wine,Banfi Chianti Class Res 750x12,750,12,BAN-CHRI-750x12,1723.87,1939.35,143.65,161.6,80516108630.0,199.93
Italian Wine,Wine,Banfi Chianti in Flask 750x12,750,12,BAN-CHFL-750x12,1434.53,1613.85,119.54,134.49,80516102245.0,168.11
Italian Wine,Wine,Banfi Col Di Sasso 750x12,750,12,BAN-CDSA-750x12,1211.93,1363.42,100.99,113.62,80516052946.0,142.02
Italian Wine,Wine,Banfi Fontanelle Chard 750mlx12,750,12,BAN-FOCH-750x12,1558.22,1753.0,124.85,140.83,80516104083.0,169.99
Italian Wine,Wine,Banfi La Lus Albarassa 750mlx6,750,6,BAN-LALU-750x6,905.33,1018.59,150.89,169.75,8000016030284.0,189.95
Italian Wine,Wine,Banfi Le Rime P/Grigio 750x12,750,12,BAN-RIME-750x12,1164.8,1310.4,97.07,109.2,80516062044.0,155.84
Italian Wine,Wine,Banfi Rosa Regale 750mlx6,750,6,BAN-BALR-750x6,1120.0,1260.0,186.67,210.0,80516014695.0,229.95
Uncategorized,Uncategorized,Bardolino Ca’Nova DOC Classico,750,6,SART-BCLA-750x6,703.73,791.7,117.29,131.95,8005390002209.0,149.95
Italian Wine,Wine,Brunello Di Montalcino Vigna Marrucheto,750,6,BAN-BRUV-750x6,755.56,849.0,459.26,516.67,805167000847.0,639.95
Italian Wine,Wine,Castelgiocondo Brunello Di Montalcino,750,6,CAS-BRUN-750x6,2006.05,2256.81,334.33,376.13,,470.17
Uncategorized,Uncategorized,Collepino Sangiovese Merlot 750x12,750,12,BAN-COLL-750x12,1315.25,1479.66,109.6,123.3,80514606244.0,154.13
Italian Wine,Wine,Danzante Chianti DOCG 750x6,750,6,DAN-CHIA-750x6,689.18,753.35,114.86,125.55,8022840750084.0,161.53
Italian Wine,Wine,Danzante Pinot Grigio IGT 750x6,750,6,DAN-PIGO-750x6,679.46,764.39,114.43,127.4,8022840759884.0,159.24
Italian Wine,Wine,Danzante Prosecco 750x6,750,6,DAN-PROS-750x6,1410.67,1587.0,235.11,264.5,8022840000028.0,330.99
Italian Wine,Wine,Gemma Di Luna Moscato 24x187ml,187,24,GEM-MOSC-187x24,1712.89,1927.0,71.37,80.29,85760004554.0,99.99
Italian Wine,Wine,Gemma Di Luna Moscato 6x750ml,750,6,GEM-MOSC-750x6,1539.56,1732.01,256.59,288.67,8003625000402.0,360.99
Italian Wine,Wine,Gemma Di Luna Pinot Grigio 12x750ml,750,12,GEM-PGRI-750x12,2980.44,3353.0,248.37,279.42,8003625003739.0,359.99
Italian Wine,Wine,Gemma Di Luna Prosecco Spumante,750,12,GEM-PROS-750x12,3075.56,3450.0,256.3,288.83,8003625001562.0,359.99
Italian Wine,Wine,Gemma Di Luna Prosecco 187x24,187,24,GEM-PROS-187x24,1893.33,2130.0,78.89,88.75,8003625000602.0,104.0
Italian Wine,Wine,Placido Moscato,750,6,BAN-PMOS-750x6,1303.11,1466.6,217.19,244.33,805161750004.0,300.0
Uncategorized,Uncategorized,Rosa Regale White 2020,750,6,BAN-BALW-750x6,1600.0,1820.0,266.67,300.0,80516749242.0,374.99
Uncategorized,Uncategorized,Serena Sauvignon Bla,750,6,BAN-SERE-750x6,934.75,1051.59,155.79,175.0,80516749242.0,211.52
Italian Wine,Wine,Ti Amo Prosecco Spumante Brut,750,6,SART-ERFO-750x6,1568.0,1764.0,261.33,294.0,800539004650.0,367.99
Italian Wine,Wine,Valpolicella DOC Classico Montagradella,750,6,SART-VCLA-750x6,829.92,934.38,155.61,175.0,800539000529.0,179.93
Uncategorized,Uncategorized,Villa Mura Cabernet Sauvignon,750,6,SART-VMCA-750x6,557.26,626.85,92.87,104.48,800539002607.0,144.94
Uncategorized,Uncategorized,Villa Mura Pinot Bianco,750,6,SART-VMPB-750x6,579.49,651.98,96.58,108.65,800539008132.0,135.82
Italian Wine,Wine,Voga Italia Rosa - 750mlx6,750,6,SSI-VIRO-750x6,916.02,1030.5,152.67,171.75,8003625072845.0,214.7
Italian Wine,Wine,Voga Moscato 750mlx6,750,6,SSI-VIMO-750x6,705.67,793.88,132.31,148.5,8003625071532.0,165.39
Italian Wine,Wine,Voga Pinot Grigio 750mlx6,750,6,SSI-VIPG-750x6,705.67,793.88,132.31,148.5,8003625070498.0,165.39
Italian Wine,Wine,Voga Prosecco 750ml x6,750,6,SSI-VPRO-750x6,1707.56,1921.01,284.59,320.17,8003625020448.0,399.99
Uncategorized,Uncategorized,Barrel Select - Cabernet Sauvignon,750,12,NOR-BSCS-750x12,1342.6,1510.43,111.88,125.87,7792319065292.0,157.33
Uncategorized,Uncategorized,Barrel Select - Malbec,750,12,NOR-BSMA-750x12,1342.6,1510.43,111.88,125.87,7792319677792.0,157.33
Uncategorized,Uncategorized,Barrel Select - Merlot,750,12,NOR-BSME-750x12,1342.6,1510.43,111.88,125.87,7792319065285.0,157.33
Uncategorized,Uncategorized,Barrel Select - Chardonnay,750,12,NOR-BSCH-750x12,1342.6,1510.43,111.88,125.87,7792319677115.0,157.33
Argentinian Wine,Wine,Fuzion Red Sweet,750,12,FAM-FUWS-750x12,1118.21,1257.99,93.18,104.83,7791728240771.0,131.04
Argentinian Wine,Wine,Fuzion White Sweet,750,12,FAM-FUWS-750x12,1118.21,1257.99,93.18,104.83,7791728240788.0,131.04
Argentinian Wine,Wine,Jose Zuccardi Malbec - Cab Sauv,750,6,ZUCM-JOSE-750x6,1853.51,2085.2,308.92,347.53,7791728109695.0,434.42
Uncategorized,Uncategorized,Julia Dulce Natural,750,6,FAM-DULC-750x6,1463.11,1646.0,243.85,274.33,7791728090200.0,342.99
Argentinian Wine,Wine,Norton Late Harvest - Chardonnay 750mlx12,750,12,NOR-LHCH-750x12,1133.6,1275.3,94.47,106.28,7792319020716.0,132.84
Argentinian Wine,Wine,Norton Late Harvest - Merlot - 750x12,750,12,NOR-LHME-750x12,1133.6,1275.3,94.47,106.28,7792319060273.0,132.84
Argentinian Wine,Wine,Norton Late Harvest Malbec - 750x12,750,12,NOR-LHMA-750x12,1133.6,1275.3,94.47,106.28,7792319003119.0,132.84
Argentinian Wine,Wine,Norton Late Harvest Malbec - 750x6,750,6,NOR-LHMA-750x6,566.8,637.65,94.47,106.28,7792319003119.0,132.84
Argentinian Wine,Wine,Privada,750,12,NOR-PRIV-750x12,2129.5,2395.69,177.46,199.64,7792319678027.0,249.95
Uncategorized,Uncategorized,Reserve - Chardonnay 750mlx12,750,12,NOR-RECH-750x12,1583.4,1781.33,131.95,148.44,7792319686876.0,185.56
Uncategorized,Uncategorized,Reserve - Malbec,750,12,NOR-REMA-750x12,1583.4,1781.33,131.95,148.44,7792319678010.0,185.56
Uncategorized,Uncategorized,Reserve - Cab Cabernet Sauvignon,750,12,NOR-RECS-750x12,1583.4,1781.33,131.95,148.44,7792319678003.0,185.56
Argentinian Wine,Wine,Santa Julia Chardonnay,750,12,FAM-CHAR-750x12,1184.23,1332.26,98.69,111.02,7791728000122.0,138.78
Argentinian Wine,Wine,Santa Julia Classic Cuvee,750,6,FAM-SJCU-750x6,1464.0,1647.0,244.0,274.5,7791728243498.0,342.99
Argentinian Wine,Wine,"Santa Julia Coleccion, Chenin Chardonnay",750,12,FAM-COCC-750x12,1118.21,1257.99,93.18,104.83,7791728019230.0,131.04
Argentinian Wine,Wine,"Santa Julia Coleccion, Shiraz Malbec",750,12,FAM-COMS-750x12,1118.21,1257.99,93.18,104.83,7791728050070.0,131.04
Argentinian Wine,Wine,"Santa Julia Magna, Red Blend",750,6,FAM-MRED-750x6,834.99,939.36,139.17,156.56,7791728020409.0,195.71
Argentinian Wine,Wine,Santa Julia Malbec,750,12,FAM-MALB-750x12,1182.25,1330.03,98.52,110.84,7791728000160.0,138.54
Argentinian Wine,Wine,Santa Julia Merlot,750,12,FAM-MERL-750x12,1182.25,1330.03,98.52,110.84,7791728000896.0,138.54
Argentinian Wine,Wine,Santa Julia Pinot Grigio,750,12,FAM-PIGR-750x12,1182.25,1330.03,98.52,110.84,7791728021035.0,138.54
Argentinian Wine,Wine,"Santa Julia Reserva, Malbec",750,12,FAM-RMAL-750x12,1335.6,1502.55,111.3,125.21,7791728000566.0,156.52
Uncategorized,Uncategorized,Young Varietals - Cabernet Sauvignon,750,12,NOR-YVCS-750x12,1100.74,1238.33,91.73,103.19,7792319677969.0,128.99
Uncategorized,Uncategorized,Young Varietals - Chardonnay,750,12,NOR-YVCH-750x12,1100.74,1238.33,91.73,103.19,7792319677938.0,128.99
Uncategorized,Uncategorized,Young Varietals - Malbec,750,12,NOR-YVMA-750x12,1100.74,1238.33,91.73,103.19,7792319677976.0,128.99
Uncategorized,Uncategorized,Young Varietals - Merlot Rose,750,12,NOR-YVMR-750x12,1100.74,1238.33,91.73,103.19,7792319677945.0,128.99
Uncategorized,Uncategorized,Young Varietals - Sauvignon Blanc,750,12,NOR-YVSB-750x12,1100.74,1238.33,91.73,103.19,7792319678195.0,128.99
Argentinian Wine,Wine,Zuccardi Concreto Malbec,750,6,ZUCM-CONC-750x6,1666.67,1875.0,277.78,312.5,7791728080845.0,369.95
Argentinian Wine,Wine,Zuccardi Series A Cab Sauv,750,12,ZUCA-CABS-750x12,1635.58,1840.03,136.3,153.34,7791728004298.0,191.67
Argentinian Wine,Wine,Zuccardi Series A Malbec,750,12,ZUCA-MALB-750x12,1635.58,1840.03,136.3,153.34,7791728021301.0,191.67
Argentinian Wine,Wine,Zuccardi Series A Torrontes,750,12,ZUCA-TORR-750x12,1635.58,1840.03,136.3,153.34,7791728003253.0,191.67
Argentinian Wine,Wine,Zuccardi Series Q Cab. Sauv,750,12,ZUQC-CABS-750x12,2227.68,2506.14,185.64,208.85,7791728010082.0,261.06
Argentinian Wine,Wine,Zuccardi Series Q Chardonnay,750,12,ZUQC-CHAR-750x12,2227.68,2506.14,185.64,208.85,7791728001532.0,261.06
Argentinian Wine,Wine,Zuccardi Series Q Malbec,750,12,ZUQC-MALB-750x12,2227.68,2506.14,185.64,208.85,7791728001075.0,261.06
Argentinian Wine,Wine,Zuccardi Series Q Tempranillo,750,12,ZUQC-TEMP-750x12,2121.6,2386.8,176.8,198.9,7791728000962.0,248.63
Vodka,Vodka,Zuccardi Titoblend Malbec - Cab Franc,750,6,ZUCT-CABF-750x6,1733.34,1950.01,288.89,325.0,7791728006742.0,406.25
South African Wine,Wine,Golden Kaan Cabernet Sauvignon,750,6,GOLD-CASA-750x6,653.33,735.0,108.89,122.5,6002323000785.0,149.95
South African Wine,Wine,Golden Kaan Sauvignon Blanc,750,6,GOLD-SBLA-750x6,653.33,735.0,108.89,122.5,6002323000709.0,149.95
South African Wine,Wine,Golden Kaan Shiraz,750,6,GOLD-SHIR-750x6,653.33,735.0,108.89,122.5,6002323000747.0,149.95
South African Wine,Wine,Golden Kaan Shiraz Rose,750,6,GOLD-SROS-750x6,653.33,735.0,108.89,122.5,6002323031204.0,149.95
South African Wine,Wine,Obikwa Cabernet Sauvignon,750,6,OBIK-CASA-750x6,611.52,687.96,101.92,114.66,6001018002846.0,143.33
South African Wine,Wine,Obikwa Moscato,750,6,OBIK-MOSC-750x6,562.02,632.27,93.67,105.38,6001108055224.0,131.73
South African Wine,Wine,Obikwa Natural Sweet Red,750,6,OBIK-NSWR-750x6,562.02,632.27,93.67,105.38,6001108045034.0,131.73
South African Wine,Wine,Obikwa Pinot Grigio,750,12,OBIK-PIGR-750x12,1164.8,1310.4,97.07,109.2,763878002223.0,136.5
German Wine,Wine,Schmitt Sohne Smith Blue Riesling,750,12,SSW-BLRE-750x12,1292.93,1454.55,107.74,121.21,88474012802.0,151.52
Japanese Sake,Wine,Soto Sake Premium Junmai,720,12,SAK-JUNM-720x12,3292.44,3704.0,274.37,308.67,816136024854.0,385.99
Gin,Gin,Soto Sake Super Premium Daiginjo,720,6,SAK-DAIG-720x6,2529.78,2846.0,421.63,474.33,851645006144.0,592.99
Non-Alcoholic Sparkling,Non-Alcoholic,Nozecco Rose Spumante (Non-Alc),750,6,LGCF-ROSE-750x6,172.78,194.38,28.8,32.4,3500610134623.0,40.49
Non-Alcoholic Sparkling,Non-Alcoholic,Nozecco White Spumante (Non-Alc),750,6,LGCF-WHIT-750x6,172.78,194.38,28.8,32.4,3500610120015.0,40.49
Cocktail Mixers,Mixers,Daily Bar Ingredients Grenadine,1000,6,DAY-BGRN-1000x6,239.2,269.1,39.87,44.85,74806000502.0,56.06
Gin,Gin,Daily’s Bloody Mary Original 1000ml,1000,12,DAY-BLMR-1000x12,385.0,433.13,32.08,36.09,74806000472.0,44.96
Cocktail Mixers,Mixers,Daily Spout Mango 1000ml,1000,12,DAY-MANG-1000x12,400.4,450.45,33.37,37.54,74806002100.0,46.92
Cocktail Mixers,Mixers,Daily Spout Margarita 1000ml,1000,12,DAY-MARG-1000x12,400.4,450.45,33.37,37.54,74806000588.0,46.92
Cocktail Mixers,Mixers,Daily Spout Mojito 1000ml,1000,12,DAY-MOJO-1000x12,400.4,450.45,33.37,37.54,74806002124.0,46.92
Cocktail Mixers,Mixers,Daily Spout Peach 1000ml,1000,12,DAY-PECH-1000x12,400.4,450.45,33.37,37.54,74806000571.0,46.92
Cocktail Mixers,Mixers,Daily Spout Pina Colada 1000ml,1000,12,DAY-PICO-1000x12,400.4,450.45,33.37,37.54,74806000601.0,46.92
Cocktail Mixers,Mixers,Daily Spout Raspberry 1000ml,1000,12,DAY-RASP-1000x12,400.4,450.45,33.37,37.54,74806001066.0,46.92
Cocktail Mixers,Mixers,Daily Spout Strawberry 1000ml,1000,12,DAY-STRW-1000x12,400.4,450.45,33.37,37.54,74806000519.0,46.92
Cocktail Mixers,Mixers,Daily Bar Ingredients Triple Sec,1000,6,DAY-BTRS-1000x6,239.2,269.1,39.87,44.85,74806000465.0,56.06
Rum RTD,RTD,420 Haze Passion 275ml,275,24,HAZPS420-275x24,231.11,260.0,9.63,10.83,,13.5
Gin,Gin,420 Original 275ml,275,24,ORIG420-275x24,231.11,260.0,9.63,10.83,,13.5
